customer_id, customer_name                  , address                                , zip_code , phone        , city                       , country, notes  , SID 
218, VERA MCCOY            , 1168 Najafabad Parkway                 ,40301,8.87E+11, Kabul                      , Afghanistan, active ,1
441, MARIO CHEATHAM        , 1924 Shimonoseki Drive                 ,52625,4.07E+11, Batna                      , Algeria, active ,1
69, JUDY GRAY             , 1031 Daugavpils Parkway                ,59025,1.07E+11, B?®char                    , Algeria, active ,2
176, JUNE CARROLL          , 757 Rustenburg Avenue                  ,89668,5.06E+11, Skikda                     , Algeria, active ,1
320, ANTHONY SCHWAB        , 1892 Nabereznyje T?íelny Lane          ,28396,4.78E+11, Tafuna                     , American Samoa, active ,2
528, CLAUDE HERZOG         , 486 Ondo Parkway                       ,35202,1.06E+11, Benguela                   , Angola, active ,1
383, MARTIN BALES          , 368 Hu?ínuco Boulevard                 ,17165,1.06E+11, Namibe                     , Angola, active ,1
381, BOBBY BOUDREAU        , 1368 Maraca?¡bo Boulevard              ,32716,9.34E+11, South Hill                 , Anguilla, active ,2
359, WILLIE MARKHAM        , 1623 Kingstown Drive                   ,91299,2.96E+11, Almirante Brown            , Argentina, active ,2
560, JORDAN ARCHULETA      , 1229 Varanasi (Benares) Manor          ,40195,8.18E+11, Avellaneda                 , Argentina, active ,1
322, JASON MORRISSEY       , 1427 A Coru??a (La Coru??a) Place      ,85799,9.73E+11, Bah?¡a Blanca              , Argentina, active ,1
24, KIMBERLY LEE          , 96 Tafuna Way                          ,99865,9.35E+11, C??rdoba                   , Argentina, active ,2
445, MICHEAL FORMAN        , 203 Tambaram Street                    ,73942,4.12E+11, Escobar                    , Argentina, active ,1
530, DARRYL ASHCRAFT       , 166 Jinchang Street                    ,86760,7.18E+11, Ezeiza                     , Argentina, active ,2
89, JULIA FLORES          , 1926 El Alto Avenue                    ,75543,8.46E+11, La Plata                   , Argentina, active ,1
107, FLORENCE WOODS        , 1532 Dzerzinsk Way                     ,9599,3.31E+11, Merlo                      , Argentina, active ,1
585, PERRY SWAFFORD        , 773 Dallas Manor                       ,12664,9.14E+11, Quilmes                    , Argentina, active ,1
243, LYDIA BURKE           , 1483 Pathankot Street                  ,37288,6.86E+11, San Miguel de Tucum?ín     , Argentina, active ,1
331, ERIC ROBERT           , 430 Kumbakonam Drive                   ,28814,1.05E+11, Santa F?®                  , Argentina, active ,1
405, LEONARD SCHOFIELD     , 88 Nagaon Manor                        ,86868,7.79E+11, Tandil                     , Argentina, active ,1
219, WILLIE HOWELL         , 1244 Allappuzha (Alleppey) Place       ,20657,9.92E+11, Vicente L??pez             , Argentina, active ,2
41, STEPHANIE MITCHELL    , 42 Brindisi Place                      ,16744,42384721397, Yerevan                    , Armenia, active ,1
173, AUDREY RAY            , 1010 Klerksdorp Way                    ,6802,4.93E+11, Graz                       , Austria, active ,1
159, JILL HAWKINS          , 1440 Compton Place                     ,81037,9.31E+11, Linz                       , Austria, active ,1
266, NORA HERRERA          , 1587 Loja Manor                        ,5410,6.22E+11, Salzburg                   , Austria, active ,2
333, ANDREW PURDY          , 431 Sz?®kesfeh?®rv?ír Avenue           ,57828,1.20E+11, Baku                       , Azerbaijan, active ,2
334, RAYMOND MCWHORTER     , 503 Sogamoso Loop                      ,49812,8.35E+11, Sumqayit                   , Azerbaijan, active ,2
590, SETH HANNON           , 1759 Niznekamsk Avenue                 ,39414,8.64E+11, al-Manama                  , Bahrain, active ,2
332, STEPHEN QUALLS        , 1838 Tabriz Lane                       ,1195,38988715447, Dhaka                      , Bangladesh, active ,1
329, FRANK WAGGONER        , 1816 Bydgoszcz Loop                    ,64308,9.65E+11, Jamalpur                   , Bangladesh, active ,2
21, MICHELLE CLARK        , 262 A Coru??a (La Coru??a) Parkway     ,34418,8.93E+11, Tangail                    , Bangladesh, active ,1
527, CORY MEEHAN           , 556 Asunci??n Way                      ,35364,3.38E+11, Mogiljov                   , Belarus, active ,1
144, CLARA SHAW            , 1027 Songkhla Manor                    ,30861,5.64E+11, Molodet?íno                , Belarus, active ,1
455, JON WILES             , 659 Gatineau Boulevard                 ,28587,2.06E+11, El Alto                    , Bolivia, active ,2
431, JOEL FRANCISCO        , 287 Cuautla Boulevard                  ,72736,82619513349, Sucre                      , Bolivia, active ,2
551, CLAYTON BARBEE        , 1407 Pachuca de Soto Place             ,26284,3.80E+11, Alvorada                   , Brazil, active ,2
307, JOSEPH JOY            , 1354 Siegen Street                     ,80184,5.73E+11, Angra dos Reis             , Brazil, active ,2
229, TAMARA NGUYEN         , 356 Olomouc Manor                      ,93323,22326410776, An?ípolis                  , Brazil, active ,1
216, NATALIE MEYER         , 1201 Qomsheh Manor                     ,21464,8.73E+11, Aparecida de Goi?ónia      , Brazil, active ,1
77, JANE BENNETT          , 1692 Ede Loop                          ,9223,9.19E+11, Ara?ºatuba                 , Brazil, active ,2
398, ANTONIO MEEK          , 1190 0 Place                           ,10417,8.42E+11, Bag?®                      , Brazil, active ,1
362, NICHOLAS BARFIELD     , 1163 London Parkway                    ,6066,6.75E+11, Bel?®m                     , Brazil, active ,1
206, TERRI VASQUEZ         , 1304 ??s-Hertogenbosch Way             ,10925,90336226227, Blumenau                   , Brazil                                , active ,1
342, HAROLD MARTINO        , 1293 Nam Dinh Way                      ,71583,6.98E+11, Boa Vista                  , Brazil, active ,1
325, TIMOTHY BUNN          , 981 Kumbakonam Place                   ,87611,8.29E+11, Bras?¡lia                  , Brazil, active ,1
92, TINA SIMMONS          , 984 Effon-Alaiye Avenue                ,17119,1.33E+11, Goi?ónia                   , Brazil, active ,2
427, JESUS MCCARTNEY       , 259 Ipoh Drive                         ,64964,4.19E+11, Guaruj?í                   , Brazil, active ,2
130, CHARLOTTE HUNTER      , 758 Junan Lane                         ,82639,9.35E+11, ?üguas Lindas de Goi?ís    , Brazil, active ,1
310, DANIEL CABRAL         , 543 Bergamo Avenue                     ,59686,1.04E+11, Ibirit?®                   , Brazil, active ,2
47, FRANCES PARKER        , 686 Garland Manor                      ,52535,69493378813, Juazeiro do Norte          , Brazil, active ,1
591, KENT ARSENAULT        , 32 Liaocheng Way                       ,1944,4.11E+11, Juiz de Fora               , Brazil, active ,1
183, IDA ANDREWS           , 1839 Sz?®kesfeh?®rv?ír Parkway         ,55709,9.47E+11, Luzi?ónia                  , Brazil, active ,2
246, MARIAN MENDOZA        , 829 Grand Prairie Way                  ,6461,7.41E+11, Maring?í                   , Brazil, active ,1
126, ELLEN SIMPSON         , 1666 Qomsheh Drive                     ,66255,5.83E+11, Po?í                       , Brazil, active ,1
254, MAXINE SILVA          , 1338 Zalantun Lane                     ,45403,8.41E+11, Po?ºos de Caldas           , Brazil, active ,2
74, DENISE KELLY          , 1206 Dos Quebradas Place               ,20207,2.42E+11, Rio Claro                  , Brazil, active ,1
178, MARION SNYDER         , 1891 Rizhao Boulevard                  ,47288,3.91E+11, Santa B?írbara d??Oeste    , Brazil, active ,2
354, JUSTIN NGO            , 519 Nyeri Manor                        ,37650,7.65E+11, Santo Andr?®               , Brazil, active ,2
544, CODY NOLEN            , 1715 Okayama Street                    ,55676,1.69E+11, S?úo Bernardo do Campo     , Brazil                                , active ,2
443, FRANCISCO SKIDMORE    , 614 Denizli Parkway                    ,29444,8.76E+11, S?úo Leopoldo              , Brazil, active ,2
314, GEORGE LINTON         , 1957 Yantai Lane                       ,59255,7.05E+11, Sorocaba                   , Brazil, active ,1
39, DEBRA NELSON          , 306 Antofagasta Place                  ,3989,3.78E+11, Vila Velha                 , Brazil, active ,1
374, JEREMY HURTADO        , 1133 Rizhao Avenue                     ,2800,6.00E+11, Vit??ria de Santo Ant?úo   , Brazil, active ,2
91, LOIS BUTLER           , 1370 Le Mans Avenue                    ,52163,3.46E+11, Bandar Seri Begawan        , Brunei                                , active ,2
540, TYRONE ASHER          , 191 Jos?® Azueta Parkway               ,13629,9.32E+11, Ruse                       , Bulgaria, active ,1
215, JESSIE BANKS          , 1229 Valencia Parkway                  ,99124,3.53E+11, Stara Zagora               , Bulgaria, active ,2
516, ELMER NOE             , 1768 Udine Loop                        ,32347,4.49E+11, Battambang                 , Cambodia, active ,2
228, ALLISON STANLEY       , 754 Valencia Place                     ,87911,5.94E+11, Phnom Penh                 , Cambodia, active ,2
352, ALBERT CROUSE         , 1641 Changhwa Place                    ,37636,2.57E+11, Bamenda                    , Cameroon, active ,1
361, LAWRENCE LAWTON       , 114 Jalib al-Shuyukh Manor             ,60440,8.45E+11, Yaound?®                   , Cameroon, active ,2
476, DERRICK BOURQUE       , 1153 Allende Way                       ,20336,8.57E+11, Gatineau                   , Canada, active ,1
463, DARRELL POWER         , 1844 Usak Avenue                       ,84461,1.64E+11, Halifax                    , Canada, active ,2
189, LORETTA CARPENTER     , 891 Novi Sad Manor                     ,5379,2.48E+11, Oshawa                     , Canada, active ,1
410, CURTIS IRBY           , 432 Garden Grove Street                ,65630,6.16E+11, Richmond Hill              , Canada, active ,2
436, TROY QUIGLEY          , 983 Santa F?® Way                      ,47472,1.46E+11, Vancouver                  , Canada, active ,1
535, JAVIER ELROD          , 195 Ilorin Street                      ,49250,8912935608, NDjamna                    , Chad                                  , active ,1
45, JANET PHILLIPS        , 1718 Valencia Street                   ,37359,6.75E+11, Antofagasta                , Chile, active ,1
515, ANDRE RAPP            , 568 Dhule (Dhulia) Loop                ,92568,6.02E+11, Coquimbo                   , Chile, active ,1
464, JEROME KENYON         , 1872 Toulon Loop                       ,7939,9.29E+11, Rancagua                   , Chile, active ,1
538, TED BREAUX            , 183 Haiphong Street                    ,69953,4.89E+11, Baicheng                   , China, active ,2
495, CHARLIE BESS          , 362 Rajkot Lane                        ,98030,9.62E+11, Baiyin                     , China, active ,2
533, JESSIE MILAM          , 1332 Gaziantep Lane                    ,22813,3.83E+11, Binzhou                    , China, active ,1
197, SUE PETERS            , 817 Bradford Loop                      ,89459,2.64E+11, Changzhou                  , China, active ,2
260, CHRISTY VARGAS        , 1158 Mandi Bahauddin Parkway           ,98484,2.77E+11, Datong                     , China, active ,1
64, JUDITH COX            , 1966 Amroha Avenue                     ,70385,3.33E+11, Daxian                     , China,        ,2
466, LEO EBERT             , 1322 Mosul Parkway                     ,95400,2.68E+11, Dongying                   , China, active ,1
389, ALAN KAHN             , 753 Ilorin Avenue                      ,3656,4.65E+11, Emeishan                   , China, active ,1
110, TIFFANY JORDAN        , 804 Elista Drive                       ,61069,3.80E+11, Enshi                      , China, active ,2
313, DONALD MAHON          , 1774 Yaound?® Place                    ,91400,6.13E+11, Ezhou                      , China, active ,2
211, STACEY MONTGOMERY     , 1333 Haldia Street                     ,82161,4.08E+11, Fuyu                       , China, active ,1
281, LEONA OBRIEN          , 1308 Sumy Loop                         ,30657,5.83E+11, Fuzhou                     , China, active ,2
552, HUGH WALDROP          , 904 Clarksville Drive                  ,52234,9.55E+11, Haining                    , China, active ,2
165, LORRAINE STEPHENS     , 154 Tallahassee Loop                   ,62250,9.36E+11, Hami                       , China, active ,2
138, HAZEL WARREN          , 1587 Sullana Lane                      ,85769,4.68E+11, Hohhot                     , China, active ,1
384, ERNEST STEPP          , 500 Lincoln Parkway                    ,95509,5.50E+11, Huai??an                   , China, active ,2
168, REGINA BERRY          , 475 At?íinsk Way                       ,59571,2.02E+11, Jinchang                   , China, active ,1
594, EDUARDO HIATT         , 1837 Kaduna Parkway                    ,82580,6.41E+11, Jining                     , China, active ,1
595, TERRENCE GUNDERSON    , 844 Bucuresti Place                    ,36603,9.36E+11, Jinzhou                    , China, active ,1
435, RICKY SHELBY          , 722 Bradford Lane                      ,90920,7.46E+11, Junan                      , China, active ,2
283, FELICIA SUTTON        , 226 Halifax Street                     ,58492,7.91E+11, Korla                      , China, active ,1
151, MEGAN PALMER          , 1560 Jelets Boulevard                  ,77777,1.89E+11, Laiwu                      , China, active ,2
422, MELVIN ELLINGTON      , 1557 Cape Coral Parkway                ,46875,3.68E+11, Laohekou                   , China, active ,1
267, MARGIE WADE           , 1762 Paarl Parkway                     ,53928,1.92E+11, Lengshuijiang              , China, active ,1
569, DAVE GARDINER         , 1052 Pathankot Avenue                  ,77397,1.28E+11, Leshan                     , China, active ,2
129, CARRIE PORTER         , 1854 Tieli Street                      ,15819,5.09E+11, Liaocheng                  , China, active ,1
90, RUBY WASHINGTON       , 1952 Chatsworth Drive                  ,225958,9.92E+11, Meixian                    , China, active ,2
37, PAMELA BAKER          , 1440 Fukuyama Loop                     ,47929,9.12E+11, Nanyang                    , China, active ,1
169, ERICA MATTHEWS        , 1294 Firozabad Drive                   ,70618,1.62E+11, Pingxiang                  , China,        ,2
242, GLENDA FRAZIER        , 1246 Boksburg Parkway                  ,28349,8.90E+11, Qinhuangdao                , China, active ,1
496, TYLER WREN            , 1060 Tandil Lane                       ,72349,2.11E+11, Rizhao                     , China, active ,2
546, KELLY KNOTT           , 390 Wroclaw Way                        ,5753,3.58E+11, Sanya                      , China, active ,1
424, KYLE SPURLOCK         , 1269 Botosani Manor                    ,47394,7.37E+11, Shanwei                    , China                                 , active ,2
485, CLYDE TOBIAS          , 1909 Dayton Avenue                     ,88513,7.03E+11, Shaoguan                   , China, active ,1
378, EUGENE CULPEPPER      , 686 Donostia-San Sebasti?ín Lane       ,97390,71857599858, Shenzhen                   , China, active ,1
511, CHESTER BENNER        , 1574 Goi?ónia Boulevard                ,39529,59634255214, Suihua                     , China, active ,1
249, DORA MEDINA           , 1760 Oshawa Manor                      ,38140,56257502250, Tianjin                    , China, active ,2
302, MICHAEL SILVERMAN     , 1908 Gaziantep Place                   ,58979,1.08E+11, Tiefa                      , China, active ,1
599, AUSTIN CINTRON        , 1325 Fukuyama Street                   ,27107,2.88E+11, Tieli                      , China, active ,2
442, LEROY BUSTAMANTE      , 105 Dzerzinsk Manor                    ,48570,2.41E+11, Tongliao                   , China, active ,1
588, MARION OCAMPO         , 1464 Kursk Parkway                     ,17381,3.39E+11, Weifang                    , China, active ,1
241, HEIDI LARSON          , 1103 Bilbays Parkway                   ,87660,2.80E+11, Xi??angfan                 , China,        ,2
67, KELLY TORRES          , 1586 Guaruj?í Place                    ,5135,9.47E+11, Xi??angtan                 , China, active ,1
564, BOB PFEIFFER          , 415 Pune Avenue                        ,44274,2.03E+11, Xintai                     , China, active ,2
339, WALTER PERRYMAN       , 1909 Benguela Lane                     ,19913,6.24E+11, Xinxiang                   , China, active ,2
272, KAY CALDWELL          , 85 San Felipe de Puerto Plata Drive    ,46063,1.71E+11, Yantai                     , China, active ,1
484, ROBERTO VU            , 1297 Alvorada Parkway                  ,11839,5.08E+11, Yinchuan                   , China                                 , active ,1
521, ROLAND SOUTH          , 1993 0 Loop                            ,41214,25865528181, Yingkou                    , China, active ,2
154, MICHELE GRANT         , 798 Cianjur Avenue                     ,76990,4.99E+11, Yuncheng                   , China, active ,2
324, GARY COY              , 867 Benin City Avenue                  ,78543,1.69E+11, Yuzhou                     , China, active ,2
93, PHYLLIS FOSTER        , 832 Nakhon Sawan Manor                 ,49021,2.76E+11, Zalantun                   , China, active ,1
514, FRANKLIN TROUTMAN     , 1778 Gij??n Manor                      ,35156,2.89E+11, Zaoyang                    , China, active ,2
550, GUY BROWNLEE          , 346 Cam Ranh Avenue                    ,39976,9.78E+11, Zhoushan                   , China, active ,2
235, JACKIE LYNCH          , 98 Stara Zagora Boulevard              ,76448,6.10E+11, Buenaventura               , Colombia, active ,1
120, SYLVIA ORTIZ          , 241 Mosul Lane                         ,76157,7.65E+11, Dos Quebradas              , Colombia, active ,2
460, LEON BOSTIC           , 734 Tanshui Avenue                     ,70664,3.67E+11, Florencia                  , Colombia, active ,1
180, STACY CUNNINGHAM      , 1410 Benin City Parkway                ,29747,1.04E+11, Pereira                    , Colombia, active ,2
87, WANDA PATTERSON       , 1740 Portoviejo Avenue                 ,29932,1.98E+11, Sincelejo                  , Colombia, active ,1
490, SAM MCDUFFIE          , 656 Matamoros Drive                    ,19489,17305839123, Sogamoso                   , Colombia, active ,1
387, JESSE SCHILLING       , 514 Ife Way                            ,69973,9.00E+11, Lubumbashi                 ," Congo, The Democratic Republic of the ", active ,2
375, AARON SELBY           , 1519 Santiago de los Caballeros Loop   ,22025,4.09E+11, Mwene-Ditu                 ," Congo, The Democratic Republic of the ", active ,2
265, JENNIE TERRY          , 682 Halisahar Place                    ,20536,4.76E+11, Olomouc                    , Czech Republic                        , active ,2
437, RANDALL NEUMANN       , 1245 Ibirit?® Way                      ,40926,3.32E+11, La Romana                  , Dominican Republic                    , active ,2
418, JEFF EAST             , 437 Chungho Drive                      ,59489,4.91E+11, San Felipe de Puerto Plata , Dominican Republic                    , active ,2
258, MYRTLE FLEMING        , 532 Toulon Street                      ,69517,46871694740, Santiago de los Caballeros , Dominican Republic                    , active ,1
589, TRACY HERRMANN        , 1074 Sanaa Parkway                     ,22474,1.54E+11, Loja                       , Ecuador, active ,1
262, PATSY DAVIDSON        , 816 Cayenne Parkway                    ,93629,2.83E+11, Portoviejo                 , Ecuador, active ,2
494, RAMON CHOATE          , 1954 Kowloon and New Kowloon Way       ,63667,8.99E+11, R?¡obamba                  , Ecuador, active ,2
559, EVERETT BANDA         , 1741 Hoshiarpur Boulevard              ,22372,8.55E+11, Bilbays                    , Egypt, active ,2
233, LILLIE KIM            , 1736 Cavite Place                      ,98775,4.32E+11, Idfu                       , Egypt, active ,2
491, RICK MATTOX           , 775 ?áostka Drive                      ,22358,1.72E+11, Mit Ghamr                  , Egypt, active ,2
134, EMMA BOYD             , 765 Southampton Drive                  ,4285,23712411567, Qalyub                     , Egypt, active ,1
423, ALFRED CASILLAS       , 1727 Matamoros Place                   ,78813,1.30E+11, Sawhaj                     , Egypt, active ,2
119, SHERRY MARSHALL       , 1987 Coacalco de Berrioz?íbal Loop     ,96065,7.88E+11, Shubra al-Khayma           , Egypt, active ,1
444, MARCUS HIDALGO        , 1289 Bel?®m Boulevard                  ,88306,2.37E+11, Tartu                      , Estonia, active ,2
392, SEAN DOUGLASS         , 614 Pak Kret Street                    ,27796,47808359842, Addis Abeba                , Ethiopia, active ,2
317, EDWARD BAUGH          , 1359 Zhoushan Parkway                  ,29763,46568045367, T??rshavn                  , Faroe Islands                         , active ,2
298, ERIKA PENA            , 898 Jining Lane                        ,40070,1.62E+11, Oulu                       , Finland, active ,1
402, LUIS YANEZ            , 1346 Mysore Drive                      ,61507,5.17E+11, Brest                      , France, active ,1
162, LAUREN HUDSON         , 1740 Le Mans Loop                      ,22853,1.68E+11, Le Mans                    , France, active ,2
104, RITA GRAHAM           , 1386 Yangor Avenue                     ,80720,4.49E+11, Toulon                     , France, active ,1
35, VIRGINIA GREEN        , 391 Callao Drive                       ,34021,4.41E+11, Toulouse                   , France, active ,2
65, ROSE HOWARD           , 698 Otsu Street                        ,71110,4.10E+11, Cayenne                    , French Guiana                         , active ,2
43, CHRISTINE ROBERTS     , 1447 Imus Way                          ,48942,5.40E+11, Faaa                       , French Polynesia, active ,2
56, GLORIA COOK           , 1668 Saint Louis Place                 ,39072,3.47E+11, Papeete                    , French Polynesia                      , active ,1
584, SALVADOR TEEL         , 247 Jining Parkway                     ,53446,1.70E+11, Banjul                     , Gambia, active ,2
114, GRACE ELLIS           , 442 Rae Bareli Place                   ,24321,8.87E+11, Duisburg                   , Germany, active ,2
448, MIGUEL BETANCOURT     , 319 Springs Loop                       ,99552,72524459905, Erlangen                   , Germany, active ,1
251, VICKIE BREWER         , 1966 Tonghae Street                    ,336481,5.67E+11, Halle/Saale                , Germany, active ,2
196, ALMA AUSTIN           , 1074 Binzhou Manor                     ,36490,3.31E+11, Mannheim                   , Germany, active ,1
227, COLLEEN BURTON        , 430 Alessandria Loop                   ,47446,6.70E+11, Saarbr??cken               , Germany, active ,1
195, VANESSA SIMS          , 1792 Valle de la Pascua Place          ,15540,4.19E+11, Siegen                     , Germany, active ,1
201, VICKI FIELDS          , 68 Molodet?íno Manor                   ,4662,1.47E+11, Witten                     , Germany, active ,1
3, LINDA WILLIAMS        , 692 Joliet Street                      ,83579,4.48E+11, Athenai                    , Greece, active ,1
596, ENRIQUE FORSYTHE      , 1101 Bucuresti Boulevard               ,97661,2.00E+11, Patras                     , Greece, active ,1
207, GERTRUDE CASTILLO     , 850 Salala Loop                        ,10800,4.03E+11, Nuuk                       , Greenland, active ,1
26, JESSICA HALL          , 18 Duisburg Boulevard                  ,58327,9.98E+11, Citt?á del Vaticano        , Holy See (Vatican City State)         , active ,2
289, VIOLET RODRIQUEZ      , 1912 Allende Manor                     ,58124,1.72E+11, Kowloon and New Kowloon    , Hong Kong                             , active ,1
592, TERRANCE ROUSH        , 42 Fontana Avenue                      ,14684,4.38E+11, Sz?®kesfeh?®rv?ír          , Hungary,        ,1
367, ADAM GOOCH            , 230 Urawa Drive                        ,2738,1.67E+11, Adoni                      , India, active ,1
297, SHERRI RHODES         , 922 Vila Velha Loop                    ,4085,5.11E+11, Ahmadnagar                 , India, active ,1
175, ANNETTE OLSON         , 431 Xi??angtan Avenue                  ,4854,2.30E+11, Allappuzha (Alleppey)      , India, active ,1
225, ARLENE HARVEY         , 1014 Loja Manor                        ,66851,4.61E+11, Ambattur                   , India, active ,1
534, CHRISTIAN JUNG        , 949 Allende Lane                       ,67521,1.23E+11, Amroha                     , India,        ,1
208, LUCY WHEELER          , 624 Oshawa Boulevard                   ,89959,49677664184, Balurghat                  , India, active ,1
413, MARVIN YEE            , 126 Acu??a Parkway                     ,58888,4.80E+11, Berhampore (Baharampur)    , India, active ,2
379, CARLOS COUGHLIN       , 97 Mogiljov Lane                       ,89294,9.25E+11, Bhavnagar                  , India, active ,1
209, TONYA CHAPMAN         , 43 Dadu Avenue                         ,4855,95666951770, Bhilwara                   , India, active ,2
529, ERIK GUILLEN          , 635 Brest Manor                        ,40899,80593242951, Bhimavaram                 , India, active ,2
15, HELEN HARRIS          , 419 Iligan Lane                        ,72878,9.91E+11, Bhopal                     , India, active ,1
202, CARLA GUTIERREZ       , 642 Nador Drive                        ,3924,3.69E+11, Bhusawal                   , India, active ,2
468, TIM CARY              , 1257 Guadalajara Street                ,33599,1.95E+11, Bijapur                    , India, active ,1
167, SALLY PIERCE          , 1540 Wroclaw Drive                     ,62686,1.82E+11, Chandrapur                 , India, active ,2
509, RAUL FORTIER          , 1747 Rustenburg Place                  ,51369,4.43E+11, Chapra                     , India, active ,1
440, BERNARD COLBY         , 495 Bhimavaram Lane                    ,3,82088937724, Dhule (Dhulia)             , India, active ,1
121, JOSEPHINE GOMEZ       , 211 Chiayi Drive                       ,58186,6.66E+11, Etawah                     , India, active ,1
192, LAURIE LAWRENCE       , 9 San Miguel de Tucum?ín Manor         ,90845,9.56E+11, Firozabad                  , India, active ,1
117, EDITH MCDONALD        , 1967 Sincelejo Place                   ,773644,5.78E+11, Gandhinagar                , India, active ,1
370, WAYNE TRUONG          , 1049 Matamoros Parkway                 ,69640,9.61E+11, Gulbarga                   , India, active ,2
186, HOLLY FOX             , 435 0 Way                              ,74750,7.60E+11, Haldia                     , India, active ,2
259, LENA JENSEN           , 1027 Banjul Place                      ,50390,5.38E+11, Halisahar                  , India, active ,2
412, ALLEN BUTTERFIELD     , 791 Salinas Street                     ,40509,1.30E+11, Hoshiarpur                 , India, active ,2
136, ANITA MORALES         , 788 At?íinsk Street                    ,81691,1.46E+11, Hubli-Dharwad              , India, active ,2
60, MILDRED BAILEY        , 81 Hodeida Way                         ,55561,2.51E+11, Jaipur                     , India                                 , active ,1
32, AMY LOPEZ             , 176 Mandaluyong Place                  ,65213,6.28E+11, Jhansi                     , India, active ,1
224, PEARL GARZA           , 60 Po?ºos de Caldas Street             ,82338,9.63E+11, Jodhpur                    , India, active ,2
31, BRENDA WRIGHT         , 33 Gorontalo Way                       ,30348,7.46E+11, Kamarhati                  , India, active ,2
492, LESTER KRAUS          , 1013 Tabuk Boulevard                   ,96203,1.58E+11, Kanchrapara                , India, active ,2
274, NAOMI JENNINGS        , 1884 Shikarpur Avenue                  ,85548,9.60E+11, Karnal                     , India, active ,1
419, CHAD CARBONE          , 1948 Bayugan Parkway                   ,60622,9.87E+11, Katihar                    , India, active ,1
271, PENNY NEAL            , 1675 Xi??angfan Manor                  ,11763,2.71E+11, Kumbakonam                 , India,        ,1
316, STEVEN CURLEY         , 651 Pathankot Loop                     ,59811,1.39E+11, Miraj                      , India, active ,1
28, CYNTHIA YOUNG         , 1425 Shikarpur Manor                   ,65599,6.78E+11, Munger (Monghyr)           , India, active ,1
59, CHERYL MURPHY         , 1213 Ranchi Parkway                    ,94352,8.00E+11, Mysore                     , India, active ,1
152, ALICIA MILLS          , 1963 Moscow Place                      ,64863,7.61E+11, Nagaon                     , India, active ,1
268, NINA SOTO             , 1519 Ilorin Place                      ,49298,3.57E+11, Palghat (Palakkad)         , India, active ,1
300, JOHN FARNSWORTH       , 41 El Alto Parkway                     ,56883,51917807050, Parbhani                   , India, active ,1
95, PAULA BRYANT          , 1697 Tanauan Lane                      ,22870,4764773857, Pathankot                  , India, active ,2
296, RAMONA HALE           , 951 Stara Zagora Manor                 ,98573,4.30E+11, Patiala                    , India, active ,2
421, LEE HAWKS             , 1661 Abha Drive                        ,14400,2.70E+11, Pudukkottai                , India, active ,1
135, JUANITA MASON         , 943 Johannesburg Avenue                ,5892,90921003005, Pune                       , India, active ,2
426, BRADLEY MOTLEY        , 1596 Acu??a Parkway                    ,70425,1.57E+11, Purnea (Purnia)            , India, active ,1
78, LORI WOOD             , 936 Salzburg Lane                      ,96709,8.76E+11, Rae Bareli                 , India, active ,1
554, DWAYNE OLVERA         , 1447 Imus Place                        ,12905,62127829280, Rajkot                     , India, active ,1
336, JOSHUA MARK           , 1920 Weifang Avenue                    ,15643,8.70E+11, Rampur                     , India, active ,1
358, SAMUEL MARLOW         , 604 Bern Place                         ,5373,6.21E+11, Ranchi                     , India, active ,2
217, AGNES BISHOP          , 866 Shivapuri Manor                    ,22474,7.79E+11, Sambhal                    , India, active ,2
356, GERALD FULTZ          , 45 Aparecida de Goi?ónia Place         ,7431,6.50E+11, Satna                      , India, active ,2
238, NELLIE GARRETT        , 1964 Gij??n Manor                      ,14408,9.18E+11, Shimoga                    , India, active ,1
68, NICOLE PETERSON       , 57 Arlington Manor                     ,48960,9.90E+11, Shivapuri                  , India, active ,1
502, BRETT CORNWELL        , 1197 Sokoto Boulevard                  ,87687,8.69E+11, Siliguri (Shiliguri)       , India, active ,1
287, BECKY MILES           , 1993 Tabuk Lane                        ,64221,6.48E+11, Tambaram                   , India, active ,2
170, BEATRICE ARNOLD       , 1877 Ezhou Lane                        ,63337,2.65E+11, Udaipur                    , India, active ,1
446, THEODORE CULP         , 1704 Tambaram Manor                    ,2834,39463554936, Uluberia                   , India,        ,2
231, GEORGIA JACOBS        , 954 Kimchon Place                      ,42420,5.41E+11, Uttarpara-Kotrung          , India, active ,1
403, MIKE WAY              , 990 Etawah Loop                        ,79940,2.06E+11, Valparai                   , India, active ,1
123, SHANNON FREEMAN       , 117 Boa Vista Way                      ,6804,6.78E+11, Varanasi (Benares)         , India                                 , active ,2
508, MILTON HOWLAND        , 758 Korolev Parkway                    ,75474,4.42E+11, Vijayawada                 , India, active ,2
12, NANCY THOMAS          , 808 Bhopal Manor                       ,10672,4.66E+11, Yamuna Nagar               , India, active ,1
411, NORMAN CURRIER        , 1445 Carmen Parkway                    ,70809,5.99E+11, Cianjur                    , Indonesia                             , active ,1
239, MINNIE ROMERO         , 47 Syktyvkar Lane                      ,22236,63937119031, Ciomas                     , Indonesia, active ,2
328, JEFFREY SPEAR         , 1860 Taguig Loop                       ,559550,38158430589, Ciparay                    , Indonesia, active ,2
203, TARA RYAN             , 1688 Nador Lane                        ,61613,6.52E+11, Gorontalo                  , Indonesia, active ,1
153, SUZANNE NICHOLS       , 456 Escobar Way                        ,36061,7.19E+11, Jakarta                    , Indonesia, active ,2
473, JORGE OLIVARES        , 1078 Stara Zagora Drive                ,69221,9.33E+11, Lhokseumawe                , Indonesia, active ,2
500, REGINALD KINDER       , 519 Brescia Parkway                    ,69504,7.94E+11, Madiun                     , Indonesia, active ,1
542, LONNIE TIRADO         , 1658 Cuman?í Loop                      ,51309,7.85E+11, Pangkal Pinang             , Indonesia, active ,2
116, VICTORIA GIBSON       , 544 Malm?Â Parkway                     ,63502,3.87E+11, Pemalang                   , Indonesia, active ,1
506, LESLIE SEWARD         , 1152 al-Qatif Lane                     ,44816,1.31E+11, Pontianak                  , Indonesia, active ,2
372, STEVE MACKENZIE       , 154 Oshawa Manor                       ,72771,4.40E+11, Probolinggo                , Indonesia, active ,2
524, JARED ELY             , 1003 Qinhuangdao Street                ,25972,35533115997, Purwakarta                 , Indonesia, active ,1
450, JAY ROBB              , 1947 Paarl Way                         ,23636,8.34E+11, Surakarta                  , Indonesia, active ,1
458, LLOYD DOWD            , 935 Aden Boulevard                     ,64709,3.35E+11, Tegal                      , Indonesia                             , active ,1
36, KATHLEEN ADAMS        , 334 Munger (Monghyr) Lane              ,38145,4.81E+11, Arak                       , Iran, active ,2
10, DOROTHY TAYLOR        , 1531 Sal?® Drive                       ,53628,6.49E+11, Esfahan                    , Iran, active ,1
377, HOWARD FORTNER        , 220 Hidalgo Drive                      ,45298,3.43E+11, Kermanshah                 , Iran                                  , active ,1
368, HARRY ARCE            , 1922 Miraj Way                         ,13203,3.20E+11, Najafabad                  , Iran,        ,1
459, TOMMY COLLAZO         , 76 Kermanshah Manor                    ,23343,7.62E+11, Qomsheh                    , Iran, active ,1
185, ROBERTA HARPER        , 927 Barcelona Street                   ,65121,9.51E+11, Shahr-e Kord               , Iran                                  , active ,1
449, OSCAR AQUINO          , 956 Nam Dinh Manor                     ,21872,4.74E+11, Sirjan                     , Iran, active ,2
279, DIANNE SHELTON        , 600 Bradford Street                    ,96204,1.18E+11, Tabriz                     , Iran, active ,2
579, DARYL LARUE           , 1208 Tama Loop                         ,73605,9.55E+11, Mosul                      , Iraq, active ,2
102, CRYSTAL FORD          , 659 Vaduz Drive                        ,49708,7.10E+11, Ashdod                     , Israel, active ,1
478, LEWIS LYMAN           , 632 Usolje-Sibirskoje Parkway          ,73085,6.68E+11, Ashqelon                   , Israel, active ,1
315, KENNETH GOODEN        , 1542 Lubumbashi Boulevard              ,62472,5.09E+11, Bat Yam                    , Israel,        ,2
161, GERALDINE PERKINS     , 97 Shimoga Avenue                      ,44660,1.77E+11, Tel Aviv-Jaffa             , Israel, active ,1
33, ANNA HILL             , 127 Purnea (Purnia) Manor              ,79388,9.12E+11, Alessandria                , Italy, active ,2
439, ALEXANDER FENNELL     , 231 Kaliningrad Place                  ,57833,5.75E+11, Bergamo                    , Italy, active ,2
309, CHRISTOPHER GRECO     , 1224 Huejutla de Reyes Boulevard       ,70923,8.06E+11, Brescia                    , Italy, active ,1
499, MARC OUTLAW           , 1 Valle de Santiago Avenue             ,86208,4.66E+11, Brindisi                   , Italy, active ,2
541, DARREN WINDHAM        , 379 Lublin Parkway                     ,74568,9.22E+11, Livorno                    , Italy, active ,2
221, BESSIE MORRISON       , 1926 Gingoog Street                    ,22824,4.70E+11, Syrakusa                   , Italy, active ,1
525, ADRIAN CLARY          , 1986 Sivas Place                       ,95775,1.82E+11, Udine                      , Italy, active ,2
574, JULIAN VEST           , 923 Tangail Boulevard                  ,33384,3.16E+11, Akishima                   , Japan, active ,2
141, DEBBIE REYES          , 928 Jaffna Loop                        ,93762,5.82E+11, Fukuyama                   , Japan, active ,1
264, GWENDOLYN MAY         , 446 Kirovo-T?íepetsk Lane              ,19428,3.04E+11, Higashiosaka               , Japan, active ,1
194, KRISTEN CHAVEZ        , 345 Oshawa Boulevard                   ,32114,1.04E+11, Hino                       , Japan, active ,2
299, JAMES GANNON          , 1635 Kuwana Boulevard                  ,52137,7.11E+11, Hiroshima                  , Japan, active ,2
519, RON DELUCA            , 1949 Sanya Street                      ,61244,1.32E+11, Isesaki                    , Japan, active ,2
240, MARLENE WELCH         , 1148 Saarbr??cken Parkway              ,1921,1.38E+11, Iwaki                      , Japan, active ,1
54, TERESA ROGERS         , 1964 Allappuzha (Alleppey) Street      ,48980,9.21E+11, Iwakuni                    , Japan, active ,1
396, EARL SHANKS           , 168 Cianjur Manor                      ,73824,6.79E+11, Iwatsuki                   , Japan, active ,1
391, CLARENCE GAMEZ        , 767 Pyongyang Drive                    ,83536,6.68E+11, Izumisano                  , Japan, active ,1
163, CATHY SPENCER         , 1287 Xi??angfan Boulevard              ,57844,8.19E+11, Kakamigahara               , Japan, active ,1
79, RACHEL BARNES         , 586 Tete Way                           ,1079,18581624103, Kamakura                   , Japan, active ,1
547, KURT EMMONS           , 1421 Quilmes Lane                      ,19151,1.35E+11, Kanazawa                   , Japan, active ,1
401, TONY CARRANZA         , 454 Patiala Lane                       ,13496,7.95E+11, Koriyama                   , Japan, active ,2
34, REBECCA SCOTT         , 61 Tama Street                         ,94065,7.08E+11, Kurashiki                  , Japan, active ,2
531, JAMIE WAUGH           , 958 Sagamihara Lane                    ,88408,4.27E+11, Kuwana                     , Japan, active ,2
355, TERRY GRISSOM         , 619 Hu?ínuco Avenue                    ,81508,1.43E+11, Matsue                     , Japan, active ,2
253, TERRY CARLSON         , 752 Ondo Loop                          ,32474,1.35E+11, Miyakonojo                 , Japan                                 , active ,1
53, HEATHER MORRIS        , 17 Kabul Boulevard                     ,38594,6.98E+11, Nagareyama                 , Japan, active ,1
489, RICARDO MEADOR        , 591 Sungai Petani Drive                ,46400,37247325001, Okayama                    , Japan, active ,1
365, BRUCE SCHWARZ         , 1565 Tangail Manor                     ,45750,6.34E+11, Okinawa                    , Japan, active ,2
404, STANLEY SCROGGINS     , 1266 Laredo Parkway                    ,7664,1483365694, Omiya                      , Japan, active ,2
337, JERRY JORDON          , 124 al-Manama Way                      ,52368,6.48E+11, Onomichi                   , Japan, active ,1
285, MIRIAM MCKINNEY       , 1336 Benin City Drive                  ,46044,3.41E+11, Otsu                       , Japan, active ,1
11, LISA ANDERSON         , 1542 Tarlac Parkway                    ,1027,6.35E+11, Sagamihara                 , Japan, active ,2
1, MARY SMITH            , 1913 Hanoi Way                         ,35200,28303384290, Sasebo                     , Japan, active ,1
29, ANGELA HERNANDEZ      , 786 Aurora Avenue                      ,65750,18461860151, Shimonoseki                , Japan, active ,2
385, PHILLIP HOLM          , 102 Chapra Drive                       ,14073,7.76E+11, Tama                       , Japan, active ,1
429, FREDERICK ISBELL      , 1404 Taguig Drive                      ,87212,5.72E+11, Tsuyama                    , Japan, active ,2
503, ANGEL BARCLAY         , 496 Celaya Drive                       ,90797,7.60E+11, Ueda                       , Japan, active ,1
147, JOANNE ROBERTSON      , 1337 Lincoln Parkway                   ,99457,5.98E+11, Urawa                      , Japan, active ,2
76, IRENE PRICE           , 602 Paarl Street                       ,98889,8.96E+11, Pavlodar                   , Kazakstan, active ,2
573, BYRON BOX             , 521 San Juan Bautista Tuxtepec Place   ,95093,8.44E+11, Zhezqazghan                , Kazakstan, active ,1
193, KATIE ELLIOTT         , 447 Surakarta Loop                     ,10428,9.41E+11, Kisumu                     , Kenya, active ,2
363, ROY WHITING           , 1658 Jastrzebie-Zdr??j Loop            ,96584,5.68E+11, Nyeri                      , Kenya, active ,2
234, CLAUDIA FULLER        , 346 Skikda Parkway                     ,90628,6.30E+11, Jalib al-Shuyukh           , Kuwait, active ,1
347, RYAN SALISBURY        , 1673 Tangail Drive                     ,26857,6.28E+11, Daugavpils                 , Latvia, active ,2
23, SARAH LEWIS           , 1780 Hino Boulevard                    ,7716,9.03E+11, Liepaja                    , Latvia, active ,2
57, EVELYN MORGAN         , 943 Tokat Street                       ,45428,8.89E+11, Vaduz                      , Liechtenstein                         , active ,2
557, FELIX GAFFNEY         , 1059 Yuncheng Avenue                   ,47498,1.07E+11, Vilnius                    , Lithuania, active ,1
81, ANDREA HENDERSON      , 320 Baiyin Parkway                     ,37307,2.24E+11, Mahajanga                  , Madagascar, active ,1
166, LYNN PAYNE            , 710 San Felipe del Progreso Avenue     ,76901,8.44E+11, Lilongwe                   , Malawi, active ,1
171, DOLORES WAGNER        , 316 Uruapan Street                     ,58194,2.76E+11, Ipoh                       , Malaysia, active ,2
58, JEAN BELL             , 1114 Liepaja Street                    ,69226,2.13E+11, Kuching                    , Malaysia, active ,1
306, CHARLES KOWALSKI      , 715 S?úo Bernardo do Campo Lane        ,84804,1.81E+11, Sungai Petani              , Malaysia, active ,1
486, GLEN TALBERT          , 1789 Saint-Denis Parkway               ,8268,9.37E+11, Acu??a                     , Mexico, active ,1
414, VINCENT RALSTON       , 397 Sunnyvale Avenue                   ,55566,6.81E+11, Allende                    , Mexico, active ,1
84, SARA PERRY            , 125 Citt?á del Vaticano Boulevard      ,67912,48417642933, Atlixco                    , Mexico, active ,2
578, WILLARD LUMPKIN       , 1819 Alessandria Loop                  ,53829,3.78E+11, Carmen                     , Mexico, active ,2
587, SERGIO STANFIELD      , 1402 Zanzibar Boulevard                ,71102,3.87E+11, Celaya                     , Mexico, active ,1
247, STELLA MORENO         , 1473 Changhwa Parkway                  ,75933,2.67E+11, Coacalco de Berrioz?íbal   , Mexico, active ,1
482, MAURICE CRAWLEY       , 1785 S?úo Bernardo do Campo Street     ,71182,6.85E+11, Coatzacoalcos              , Mexico,        ,1
467, ALVIN DELOACH         , 1447 Chatsworth Place                  ,41545,7.69E+11, Cuauht?®moc                , Mexico, active ,2
323, MATTHEW MAHAN         , 479 San Felipe del Progreso Avenue     ,54949,8.69E+11, Cuautla                    , Mexico, active ,2
575, ISAAC OGLESBY         , 186 Skikda Lane                        ,89422,14465669789, Cuernavaca                 , Mexico, active ,2
451, JIM REA               , 814 Simferopol Loop                    ,48745,5.25E+11, El Fuerte                  , Mexico, active ,1
364, BENJAMIN VARNEY       , 817 Laredo Avenue                      ,77449,1.51E+11, Guadalajara                , Mexico, active ,1
150, DANIELLE DANIELS      , 781 Shimonoseki Drive                  ,95444,6.32E+11, Hidalgo                    , Mexico, active ,2
582, ANDY VANHORN          , 966 Asunci??n Way                      ,62703,9.96E+11, Huejutla de Reyes          , Mexico, active ,2
108, TRACY COLE            , 1002 Ahmadnagar Manor                  ,93026,3.71E+11, Huixquilucan               , Mexico, active ,1
581, VIRGIL WOFFORD        , 760 Miyakonojo Drive                   ,64682,2.94E+11, Jos?® Azueta               , Mexico, active ,1
369, FRED WHEAT            , 433 Florencia Street                   ,91330,5.62E+11, Ju?írez                    , Mexico, active ,2
488, SHANE MILLARD         , 184 Mandaluyong Street                 ,94239,4.88E+11, La Paz                     , Mexico, active ,2
177, SAMANTHA DUNCAN       , 146 Johannesburg Way                   ,54132,9.54E+11, Matamoros                  , Mexico, active ,2
343, DOUGLAS GRAF          , 785 Vaduz Street                       ,36170,8.96E+11, Mexicali                   , Mexico, active ,1
570, IVAN CROMWELL         , 1351 Sousse Lane                       ,37815,2.04E+11, Monclova                   , Mexico, active ,2
115, WENDY HARRISON        , 1107 Nakhon Sawan Avenue               ,75149,8.68E+11, Nezahualc??yotl            , Mexico, active ,1
353, JONATHAN SCARBOROUGH  , 1698 Southport Loop                    ,49009,7.54E+11, Pachuca de Soto            , Mexico                                , active ,1
273, PRISCILLA LOWE        , 144 South Hill Loop                    ,2012,45387294817, Salamanca                  , Mexico, active ,2
319, RONALD WEINER         , 1145 Vilnius Manor                     ,73170,6.75E+11, San Felipe del Progreso    , Mexico, active ,2
425, FRANCIS SIKES         , 355 Vit??ria de Santo Ant?úo Way       ,81758,5.48E+11, San Juan Bautista Tuxtepec , Mexico, active ,2
133, PAULINE HENRY         , 261 Saint Louis Way                    ,83401,3.22E+11, Torre??n                   , Mexico                                , active ,1
454, ALEX GRESHAM          , 251 Florencia Drive                    ,16119,1.18E+11, Uruapan                    , Mexico, active ,2
288, BOBBIE CRAIG          , 86 Higashiosaka Lane                   ,33768,9.57E+11, Valle de Santiago          , Mexico, active ,1
465, FLOYD GANDY           , 1088 Ibirit?® Place                    ,88502,49084281333, Zapopan                    , Mexico, active ,1
38, MARTHA GONZALEZ       , 269 Cam Ranh Parkway                   ,34689,4.90E+11, Chisinau                   , Moldova, active ,1
543, LANCE PEMBERTON       , 454 Qinhuangdao Drive                  ,25866,7.86E+11, Beni-Mellal                , Morocco, active ,1
40, AMANDA CARTER         , 671 Graz Street                        ,94399,6.81E+11, Nador                      , Morocco, active ,2
22, LAURA RODRIGUEZ       , 28 Charlotte Amalie Street             ,37551,1.62E+11, Sal?®                      , Morocco, active ,1
257, MARSHA DOUGLAS        , 771 Yaound?® Manor                     ,86768,2.45E+11, Beira                      , Mozambique, active ,2
433, DON BONE              , 596 Huixquilucan Place                 ,65892,3.43E+11, Na?ºala-Porto              , Mozambique, active ,1
97, ANNIE RUSSELL         , 1599 Plock Drive                       ,71986,8.17E+11, Tete                       , Mozambique, active ,2
256, MABEL HOLLAND         , 51 Laredo Avenue                       ,68146,8.85E+11, Monywa                     , Myanmar, active ,2
4, BARBARA JONES         , 1566 Ineg?Âl Manor                     ,53561,7.06E+11, Myingyan                   , Myanmar, active ,2
513, DUANE TUBBS           , 962 Tama Loop                          ,65952,2.83E+11, Yangor                     , Nauru, active ,2
321, KEVIN SCHULER         , 470 Boksburg Street                    ,97960,9.08E+11, Birgunj                    , Nepal, active ,1
415, GLENN PULLEN          , 992 Klerksdorp Loop                    ,33711,8.55E+11, Amersfoort                 , Netherlands, active ,1
137, RHONDA KENNEDY        , 1749 Daxian Place                      ,11044,9.63E+11, Apeldoorn                  , Netherlands, active ,2
341, PETER MENARD          , 1217 Konotop Avenue                    ,504,7.19E+11, Ede                        , Netherlands, active ,1
474, DUSTIN GILLETTE       , 1854 Okara Boulevard                   ,42123,1.32E+11, Emmen                      , Netherlands, active ,2
184, VIVIAN RUIZ           , 741 Ambattur Manor                     ,43310,3.03E+11, ??s-Hertogenbosch          , Netherlands, active ,1
8, SUSAN WILSON          , 478 Joliet Way                         ,77948,6.57E+11, Hamilton                   , New Zealand, active ,2
284, SONIA GREGORY         , 1279 Udine Parkway                     ,75860,1.95E+11, Benin City                 , Nigeria, active ,1
409, RODNEY MOELLER        , 1936 Lapu-Lapu Parkway                 ,7122,6.53E+11, Deba Habe                  , Nigeria, active ,2
286, VELMA LUCAS           , 1155 Liaocheng Place                   ,22650,5.58E+11, Effon-Alaiye               , Nigeria, active ,1
80, MARILYN ROSS          , 1888 Kabul Drive                       ,20936,7.01E+11, Ife                        , Nigeria, active ,1
198, ELSIE KELLEY          , 955 Bamenda Way                        ,1545,7.68E+11, Ikerre                     , Nigeria, active ,2
103, GLADYS HAMILTON       , 1177 Jelets Way                        ,3305,4.84E+11, Ilorin                     , Nigeria                               , active ,1
18, CAROL GARCIA          , 320 Brest Avenue                       ,43331,7.48E+11, Kaduna                     , Nigeria, active ,2
277, OLGA JIMENEZ          , 556 Baybay Manor                       ,55802,3.64E+11, Ogbomosho                  , Nigeria, active ,2
156, BERTHA FERGUSON       , 1367 Yantai Manor                      ,21294,8.90E+11, Ondo                       , Nigeria, active ,1
280, TRACEY BARRETT        , 1006 Santa B?írbara d??Oeste Manor     ,36229,85059738746, Owo                        , Nigeria, active ,2
250, JO FOWLER             , 786 Stara Zagora Way                   ,98332,7.16E+11, Oyo                        , Nigeria, active ,2
562, WALLACE SLONE         , 1342 Sharja Way                        ,93655,9.46E+11, Sokoto                     , Nigeria, active ,1
232, CONSTANCE REID        , 885 Yingkou Manor                      ,31390,5.89E+11, Zaria                      , Nigeria, active ,2
157, DARLENE ROSE          , 1386 Nakhon Sawan Boulevard            ,53502,3.69E+11, Pyongyang                  , North Korea, active ,2
9, MARGARET MOORE        , 613 Korolev Drive                      ,45844,3.81E+11, Masqat                     , Oman, active ,2
498, GENE SANBORN          , 1416 San Juan Bautista Tuxtepec Avenue ,50592,1.44E+11, Salala                     , Oman, active ,1
416, JEFFERY PINSON        , 966 Arecibo Loop                       ,94018,15273765306, Dadu                       , Pakistan, active ,2
223, MELINDA FERNANDEZ     , 1820 Maring?í Parkway                  ,88307,99760893676, Mandi Bahauddin            , Pakistan, active ,1
20, SHARON ROBINSON       , 1688 Okara Way                         ,21954,1.44E+11, Mardan                     , Pakistan, active ,2
399, DANNY ISOM            , 734 B?®char Place                      ,30586,2.81E+11, Okara                      , Pakistan, active ,1
25, DEBORAH WALKER        , 934 San Felipe de Puerto Plata Street  ,99780,1.96E+11, Shikarpur                  , Pakistan, active ,1
226, MAUREEN LITTLE        , 201 Effon-Alaiye Way                   ,64344,6.84E+11, Asunci??n                  , Paraguay, active ,2
205, EILEEN CARR           , 1679 Antofagasta Street                ,86599,9.06E+11, Ciudad del Este            , Paraguay, active ,2
345, CARL ARTIS            , 1628 Nagareyama Lane                   ,60079,20064292617, San Lorenzo                , Paraguay, active ,1
304, DAVID ROYAL           , 827 Yuncheng Drive                     ,79047,5.04E+11, Callao                     , Peru, active ,2
565, JAIME NETTLES         , 1746 Faaa Way                          ,32515,8.63E+11, Hu?ínuco                   , Peru, active ,2
122, THELMA MURRAY         , 1175 Tanauan Way                       ,64615,9.37E+11, Lima                       , Peru, active ,1
597, FREDDIE DUGGAN        , 1103 Quilmes Boulevard                 ,52137,6.44E+11, Sullana                    , Peru, active ,1
71, KATHY JAMES           , 492 Cam Ranh Street                    ,50805,5.65E+11, Baybay                     , Philippines, active ,1
188, MELANIE ARMSTRONG     , 1166 Changhwa Street                   ,58852,6.51E+11, Bayugan                    , Philippines, active ,1
94, NORMA GONZALES        , 152 Kitwe Parkway                      ,53182,8.35E+11, Bislig                     , Philippines, active ,1
371, BILLY POULIN          , 1061 Ede Avenue                        ,57810,3.33E+11, Cabuyao                    , Philippines, active ,1
388, CRAIG MORRELL         , 717 Changzhou Lane                     ,21615,4.26E+11, Cavite                     , Philippines, active ,2
27, SHIRLEY ALLEN         , 217 Botshabelo Place                   ,49521,6.65E+11, Davao                      , Philippines                           , active ,2
461, DEREK BLAKELY         , 118 Jaffna Loop                        ,10447,3.26E+11, Gingoog                    , Philippines                           , active ,1
255, IRMA PEARSON          , 127 Iwakuni Boulevard                  ,20777,9.87E+11, Hagonoy                    , Philippines, active ,2
580, ROSS GREY             , 951 Springs Lane                       ,96115,1.65E+11, Iligan                     , Philippines, active ,1
349, JOE GILLILAND         , 953 Hodeida Street                     ,18841,53912826864, Imus                       , Philippines, active ,2
244, VIOLA HANSON          , 582 Papeete Loop                       ,27722,5.70E+11, Lapu-Lapu                  , Philippines, active ,2
263, HILDA HOPKINS         , 1831 Nam Dinh Loop                     ,51990,3.23E+11, Mandaluyong                , Philippines, active ,1
434, EDDIE TOMLIN          , 1351 Aparecida de Goi?ónia Parkway     ,41775,9.60E+11, Ozamis                     , Philippines, active ,1
522, ARNOLD HAVENS         , 1176 Southend-on-Sea Manor             ,81651,2.37E+11, Santa Rosa                 , Philippines                           , active ,2
72, THERESA WATSON        , 89 Allappuzha (Alleppey) Manor         ,75444,2.56E+11, Taguig                     , Philippines, active ,2
505, RAFAEL ABNEY          , 48 Maraca?¡bo Place                    ,1570,82671830126, Talavera                   , Philippines, active ,1
373, LOUIS LEONE           , 1191 Tandil Drive                      ,6362,45554316010, Tanauan                    , Philippines, active ,1
236, MARCIA DEAN           , 1479 Rustenburg Boulevard              ,18727,7.28E+11, Tanza                      , Philippines, active ,1
548, ALLAN CORNISH         , 947 T??rshavn Place                    ,841,50898428626, Tarlac                     , Philippines, active ,1
261, DEANNA BYRD           , 862 Xintai Lane                        ,30065,2.65E+11, Tuguegarao                 , Philippines, active ,1
318, BRIAN WYMAN           , 1769 Iwaki Lane                        ,25787,5.56E+11, Bydgoszcz                  , Poland, active ,1
572, SIDNEY BURLESON       , 1405 Hagonoy Avenue                    ,86587,8.67E+11, Czestochowa                , Poland, active ,1
128, MARJORIE TUCKER       , 1050 Garden Grove Avenue               ,4999,9.73E+11, Jastrzebie-Zdr??j          , Poland, active ,1
270, LEAH CURTIS           , 906 Goi?ónia Way                       ,83565,7.02E+11, Kalisz                     , Poland, active ,1
501, RUBEN GEARY           , 414 Mandaluyong Street                 ,16370,52709222667, Lublin                     , Poland, active ,1
571, JOHNNIE CHISHOLM      , 1501 Pangkal Pinang Avenue             ,943,7.71E+11, Plock                      , Poland, active ,2
380, RUSSELL BRINSON       , 1642 Charlotte Amalie Drive            ,75442,8.21E+11, Tychy                      , Poland, active ,1
558, JIMMIE EGGLESTON      , 505 Madiun Boulevard                   ,97271,9.71E+11, Wroclaw                    , Poland,        ,1
360, RALPH MADRIGAL        , 1009 Zanzibar Lane                     ,64875,1.02E+11, Arecibo                    , Puerto Rico, active ,2
282, JENNY CASTRO          , 1405 Chisinau Place                    ,8160,62781725285, Ponce                      , Puerto Rico                           , active ,2
230, JOY GEORGE            , 1256 Bislig Boulevard                  ,50598,4.79E+11, Botosani                   , Romania, active ,2
563, KEN PREWITT           , 1342 Abha Boulevard                    ,10714,9.97E+11, Bucuresti                  , Romania, active ,2
148, ELEANOR HUNT          , 1952 Pune Lane                         ,92150,3.55E+11, Saint-Denis                , R?®union, active ,1
397, JIMMY SCHRADER        , 616 Hagonoy Avenue                     ,46043,6.04E+11, At?íinsk                   , Russian Federation                    , active ,1
55, DORIS REED            , 1697 Kowloon and New Kowloon Loop      ,57807,4.99E+11, Bala?íiha                  , Russian Federation                    , active ,2
430, RAY HOULE             , 740 Udaipur Lane                       ,33505,4.97E+11, Dzerzinsk                  , Russian Federation, active ,1
17, DONNA THOMPSON        , 270 Toulon Boulevard                   ,81766,4.08E+11, Elista                     , Russian Federation                    , active ,1
106, CONNIE WALLACE        , 1867 San Juan Bautista Tuxtepec Avenue ,78311,5.47E+11, Ivanovo                    , Russian Federation                    , active ,1
222, DELORES HANSEN        , 810 Palghat (Palakkad) Boulevard       ,73431,5.16E+11, Jaroslavl                  , Russian Federation                    , active ,2
100, ROBIN HAYES           , 1913 Kamakura Place                    ,97287,9.43E+11, Jelets                     , Russian Federation                    , active ,1
301, ROBERT BAUGHMAN       , 1883 Maikop Lane                       ,68469,96110042435, Kaliningrad                , Russian Federation, active ,2
510, BEN EASTER            , 886 Tonghae Place                      ,19450,7.12E+11, Kamy?íin                   , Russian Federation,        ,2
179, DANA HART             , 1089 Iwatsuki Avenue                   ,35109,8.66E+11, Kirovo-T?íepetsk           , Russian Federation                    , active ,1
295, DAISY BATES           , 661 Chisinau Lane                      ,8856,8.16E+11, Kolpino                    , Russian Federation                    , active ,1
393, PHILIP CAUSEY         , 954 Lapu-Lapu Way                      ,8816,7.37E+11, Korolev                    , Russian Federation                    , active ,1
376, RANDY GAITHER         , 1618 Olomouc Manor                     ,26385,96846695220, Kurgan                     , Russian Federation                    , active ,1
311, PAUL TROUT            , 746 Joliet Lane                        ,94878,6.88E+11, Kursk                      , Russian Federation                    , active ,2
44, MARIE TURNER          , 1998 Halifax Drive                     ,76022,1.78E+11, Lipetsk                    , Russian Federation                    , active ,1
160, ERIN DUNN             , 1623 Bah?¡a Blanca Manor               ,81511,1.50E+11, Ljubertsy                  , Russian Federation                    , active ,2
346, ARTHUR SIMPKINS       , 1157 Nyeri Loop                        ,56380,2.63E+11, Maikop                     , Russian Federation                    , active ,1
46, CATHERINE CAMPBELL    , 46 Pjatigorsk Lane                     ,23616,2.62E+11, Moscow                     , Russian Federation                    , active ,2
447, CLIFFORD BOWENS       , 207 Cuernavaca Loop                    ,52671,7.83E+11, Nabereznyje T?íelny        , Russian Federation                    , active ,1
48, ANN EVANS             , 909 Garland Manor                      ,69367,7.06E+11, Niznekamsk                 , Russian Federation                    , active ,1
191, JEANETTE GREENE       , 1077 San Felipe de Puerto Plata Place  ,65387,8.13E+11, Novot?íerkassk             , Russian Federation                    , active ,1
487, HECTOR POINDEXTER     , 185 Mannheim Lane                      ,23661,5.89E+11, Pjatigorsk                 , Russian Federation                    , active ,2
567, ALFREDO MCADAMS       , 1407 Surakarta Manor                   ,33224,3.24E+11, Serpuhov                   , Russian Federation                    , active ,2
127, ELAINE STEVENS        , 801 Hagonoy Drive                      ,8439,2.37E+11, Smolensk                   , Russian Federation                    , active ,2
428, HERBERT KRUGER        , 1823 Hoshiarpur Lane                   ,33191,3.07E+11, Syktyvkar                  , Russian Federation                    , active ,2
350, JUAN FRALEY           , 469 Nakhon Sawan Street                ,58866,6.89E+11, T?íeboksary                , Russian Federation                    , active ,1
462, WARREN SHERROD        , 1621 Tongliao Avenue                   ,22173,2.09E+11, Usolje-Sibirskoje          , Russian Federation                    , active ,2
351, JACK FOUST            , 1378 Beira Loop                        ,40792,8.41E+11, Zeleznogorsk               , Russian Federation                    , active ,1
326, JOSE ANDREW           , 1016 Iwakuni Street                    ,49833,9.61E+11, Kingstown                  , Saint Vincent and the Grenadines      , active ,1
101, PEGGY MYERS           , 733 Mandaluyong Place                  ,77459,1.97E+11, Abha                       , Saudi Arabia                          , active ,1
70, CHRISTINA RAMIREZ     , 1124 Buenaventura Drive                ,6856,4.08E+11, al-Hawiya                  , Saudi Arabia, active ,2
417, TRAVIS ESTEP          , 289 Santo Andr?® Manor                 ,72410,2.15E+11, al-Qatif                   , Saudi Arabia                          , active ,1
49, JOYCE EDWARDS         , 725 Isesaki Place                      ,74428,8.76E+11, Jedda                      , Saudi Arabia                          , active ,2
312, MARK RINEHART         , 780 Kimberley Way                      ,17032,8.24E+11, Tabuk                      , Saudi Arabia                          , active ,2
456, RONNIE RICKETTS       , 1889 Valparai Way                      ,75559,6.70E+11, Ziguinchor                 , Senegal, active ,2
357, KEITH RICO            , 482 Kowloon and New Kowloon Manor      ,97056,7.39E+11, Bratislava                 , Slovakia, active ,1
125, ETHEL WEBB            , 569 Baicheng Lane                      ,60304,4.90E+11, Boksburg                   , South Africa                          , active ,1
132, ESTHER CRAWFORD       , 898 Bel?®m Manor                       ,49757,7.07E+11, Botshabelo                 , South Africa                          , active ,2
555, DWIGHT LOMBARDI       , 1497 Fengshan Drive                    ,63022,3.69E+11, Chatsworth                 , South Africa                          , active ,1
471, DEAN SAUER            , 270 Tambaram Parkway                   ,9668,2.48E+11, Johannesburg               , South Africa                          , active ,1
19, RUTH MARTINEZ         , 1417 Lancaster Avenue                  ,72192,2.73E+11, Kimberley                  , South Africa                          , active ,1
109, EDNA WEST             , 682 Junan Way                          ,30418,6.22E+11, Klerksdorp                 , South Africa                          , active ,2
432, EDWIN BURK            , 1766 Almirante Brown Street            ,63104,6.18E+11, Newcastle                  , South Africa                          , active ,1
338, DENNIS GILMAN         , 1443 Mardan Street                     ,31483,2.31E+11, Paarl                      , South Africa, active ,1
407, DALE RATCLIFF         , 1639 Saarbr??cken Drive                ,9827,3.28E+11, Rustenburg                 , South Africa                          , active ,1
145, LUCILLE HOLMES        , 999 Sanaa Loop                         ,3439,9.18E+11, Soshanguve                 , South Africa                          , active ,1
83, LOUISE JENKINS        , 929 Tallahassee Loop                   ,74671,8.01E+11, Springs                    , South Africa, active ,1
88, BONNIE HUGHES         , 1942 Ciparay Parkway                   ,82624,9.79E+11, Cheju                      , South Korea, active ,2
99, EMILY DIAZ            , 588 Vila Velha Manor                   ,51540,3.33E+11, Kimchon                    , South Korea, active ,2
237, TANYA GILBERT         , 647 A Coru??a (La Coru??a) Street      ,36971,7.93E+11, Naju                       , South Korea, active ,1
536, FERNANDO CHURCHILL    , 193 Bhusawal Place                     ,9750,7.45E+11, Tonghae                    , South Korea, active ,2
245, COURTNEY DAY          , 300 Junan Street                       ,81314,8.90E+11, Uijongbu                   , South Korea, active ,1
52, JULIE SANCHEZ         , 939 Probolinggo Loop                   ,4166,6.80E+11, A Coru??a (La Coru??a)     , Spain, active ,1
293, MAE FLETCHER          , 44 Najafabad Way                       ,61391,96604821070, Donostia-San Sebasti?ín    , Spain, active ,2
394, CHRIS BROTHERS        , 331 Bydgoszcz Parkway                  ,966,5.37E+11, Gij??n                     , Spain, active ,2
469, WESLEY BULL           , 1469 Plock Lane                        ,95835,6.23E+11, Ourense (Orense)           , Spain, active ,2
549, NELSON CHRISTENSON    , 1764 Jalib al-Shuyukh Parkway          ,77642,84794532510, Santiago de Compostela     , Spain, active ,1
408, MANUEL MURRELL        , 692 Amroha Drive                       ,35575,3.59E+11, Jaffna                     , Sri Lanka, active ,1
395, JOHNNY TURPIN         , 1152 Citrus Heights Manor              ,5239,7.66E+11, al-Qadarif                 , Sudan, active ,2
50, DIANE COLLINS         , 115 Hidalgo Parkway                    ,80168,3.08E+11, Omdurman                   , Sudan, active ,1
66, JANICE WARD           , 1150 Kimchon Manor                     ,96109,6.63E+11, Malm?Â                     , Sweden, active ,2
61, KATHERINE RIVERA      , 915 Ponce Place                        ,83980,1395251317, Basel                      , Switzerland, active ,2
155, GAIL KNIGHT           , 185 Novi Sad Place                     ,41778,9.04E+11, Bern                       , Switzerland, active ,1
598, WADE DELVALLE         , 1331 Usak Boulevard                    ,61960,1.45E+11, Lausanne                   , Switzerland, active ,1
75, TAMMY SANDERS         , 1551 Rampur Lane                       ,72394,2.51E+11, Changhwa                   , Taiwan, active ,2
73, BEVERLY BROOKS        , 1947 Po?ºos de Caldas Boulevard        ,60951,4.27E+11, Chiayi                     , Taiwan, active ,2
517, BRAD MCCURDY          , 608 Birgunj Parkway                    ,400,6.27E+11, Chungho                    , Taiwan, active ,2
576, MORRIS MCCARTER       , 1568 Celaya Parkway                    ,34750,2.79E+11, Fengshan                   , Taiwan, active ,2
348, ROGER QUINTANILLA     , 381 Kabul Way                          ,87272,55477302294, Hsichuh                    , Taiwan, active ,2
30, MELISSA KING          , 1668 An?ípolis Street                  ,50199,5.25E+11, Lungtan                    , Taiwan, active ,1
5, ELIZABETH BROWN       , 53 Idfu Parkway                        ,42399,10655648674, Nantou                     , Taiwan, active ,1
577, CLIFTON MALCOLM       , 1489 Kakamigahara Lane                 ,98883,29341849811, Tanshui                    , Taiwan, active ,2
139, AMBER DIXON           , 1029 Dzerzinsk Manor                   ,57519,33173584456, Touliu                     , Taiwan                                , active ,1
586, KIRK STCLAIR          , 1923 Stara Zagora Lane                 ,95179,1.82E+11, Tsaotun                    , Taiwan, active ,1
481, HERMAN DEVORE         , 64 Korla Street                        ,25145,5.10E+11, Mwanza                     , Tanzania, active ,1
190, YOLANDA WEAVER        , 605 Rio Claro Parkway                  ,49348,3.52E+11, Tabora                     , Tanzania, active ,2
220, CHARLENE ALVAREZ      , 1842 Luzi?ónia Boulevard               ,94420,7.07E+11, Zanzibar                   , Tanzania, active ,2
390, SHAWN HEATON          , 1337 Mit Ghamr Avenue                  ,29810,1.75E+11, Nakhon Sawan               , Thailand                              , active ,1
42, CAROLYN PEREZ         , 1632 Bislig Avenue                     ,61117,4.72E+11, Pak Kret                   , Thailand, active ,2
86, JACQUELINE LONG       , 870 Ashqelon Loop                      ,84931,1.35E+11, Songkhla                   , Thailand, active ,2
344, HENRY BILLINGSLEY     , 1516 Escobar Drive                     ,46069,64536069371, Nuku??alofa                , Tonga, active ,1
335, GREGORY MAULDIN       , 507 Smolensk Loop                      ,22971,80303246192, Sousse                     , Tunisia, active ,1
327, LARRY THRASHER        , 663 Bah?¡a Blanca Parkway              ,33463,8.34E+11, Adana                      , Turkey, active ,2
366, BRANDON HUEY          , 1912 Emeishan Drive                    ,33050,99883471275, Balikesir                  , Turkey, active ,1
172, BERNICE WILLIS        , 29 Pyongyang Loop                      ,47753,7.35E+11, Batman                     , Turkey, active ,1
483, VERNON CHAPA          , 698 Jelets Boulevard                   ,2596,9.75E+11, Denizli                    , Turkey, active ,2
507, EDGAR RHOADS          , 1269 Ipoh Avenue                       ,54674,4.03E+11, Eskisehir                  , Turkey, active ,2
480, COREY HAUSER          , 984 Novot?íerkassk Loop                ,28165,4.35E+11, Gaziantep                  , Turkey, active ,1
278, BILLIE HORTON         , 457 Tongliao Loop                      ,56254,8.81E+11, Ineg?Âl                    , Turkey, active ,2
143, LESLIE GORDON         , 374 Bat Yam Boulevard                  ,97700,9.23E+11, Kilis                      , Turkey, active ,1
124, SHEILA WELLS          , 848 Tafuna Manor                       ,45142,6.15E+11, K??tahya                   , Turkey,        ,1
13, KAREN JACKSON         , 270 Amroha Parkway                     ,29610,6.95E+11, Osmaniye                   , Turkey, active ,2
518, GABRIEL HARDER        , 680 A Coru??a (La Coru??a) Manor       ,49806,1.58E+11, Sivas                      , Turkey, active ,1
493, BRENT HARKINS         , 319 Plock Parkway                      ,26101,8.54E+11, Sultanbeyli                , Turkey                                , active ,1
164, JOANN GARDNER         , 842 Salzburg Lane                      ,3313,6.97E+11, Tarsus                     , Turkey, active ,2
566, CASEY MENA            , 539 Hami Way                           ,52196,5.26E+11, Tokat                      , Turkey, active ,1
204, ROSEMARY SCHMIDT      , 1215 Pyongyang Parkway                 ,25238,6.46E+11, Usak                       , Turkey, active ,1
200, JEANNE LAWSON         , 387 Mwene-Ditu Drive                   ,8073,7.64E+11, Ashgabat                   , Turkmenistan                          , active ,2
105, DAWN SULLIVAN         , 454 Nakhon Sawan Boulevard             ,76383,9.64E+11, Funafuti                   , Tuvalu, active ,1
386, TODD TAN              , 1793 Meixian Place                     ,33535,6.20E+11, Kamjanets-Podilskyi        , Ukraine, active ,1
545, JULIO NOLAND          , 182 Nuku??alofa Drive                  ,15414,4.26E+11, Konotop                    , Ukraine, active ,2
131, MONICA HICKS          , 1752 S?úo Leopoldo Parkway             ,14014,2.52E+11, Mukat?íeve                 , Ukraine, active ,2
475, PEDRO CHESTNUT        , 421 Yaound?® Street                    ,11363,7.27E+11, ?áostka                    , Ukraine, active ,2
82, KATHRYN COLEMAN       , 927 Bah?¡a Blanca Parkway              ,9495,8.22E+11, Simferopol                 , Ukraine, active ,1
187, BRITTANY RILEY        , 140 Chiayi Parkway                     ,38982,8.56E+11, Sumy                       , Ukraine, active ,2
452, TOM MILNER            , 535 Ahmadnagar Manor                   ,41136,9.85E+11, Abu Dhabi                  , United Arab Emirates                  , active ,1
98, LILLIAN GRIFFIN       , 669 Firozabad Loop                     ,92265,4.13E+11, al-Ayn                     , United Arab Emirates                  , active ,1
292, MISTY LAMBERT         , 1192 Tongliao Street                   ,19065,3.51E+11, Sharja                     , United Arab Emirates                  , active ,2
85, ANNE POWELL           , 1557 K??tahya Boulevard                ,88002,7.21E+11, Bradford                   , United Kingdom                        , active ,2
142, APRIL BURNS           , 483 Ljubertsy Parkway                  ,60562,5.81E+11, Dundee                     , United Kingdom                        , active ,1
252, MATTIE HOFFMAN        , 1497 Yuzhou Drive                      ,3433,2.47E+11, London                     , United Kingdom                        , active ,2
512, CECIL VINES           , 548 Uruapan Street                     ,35653,8.79E+11, London                     , United Kingdom                        , active ,1
583, MARSHALL THORN        , 1584 Ljubertsy Lane                    ,22954,2.86E+11, Southampton                , United Kingdom                        , active ,1
16, SANDRA MARTIN         , 360 Toulouse Parkway                   ,54308,9.49E+11, Southend-on-Sea            , United Kingdom                        ,        ,2
556, ARMANDO GRUBER        , 869 Shikarpur Way                      ,57380,5.91E+11, Southport                  , United Kingdom                        , active ,2
477, DAN PAINE             , 808 Na?ºala-Porto Parkway              ,41060,5.53E+11, Stockport                  , United Kingdom                        , active ,1
497, GILBERT SLEDGE        , 1515 Korla Way                         ,57197,9.59E+11, York                       , United Kingdom                        , active ,2
479, ZACHARY HITE          , 98 Pyongyang Boulevard                 ,88749,1.92E+11, Akron                      , United States                         , active ,1
305, RICHARD MCCRARY       , 913 Coacalco de Berrioz?íbal Loop      ,42141,2.62E+11, Arlington                  , United States                         , active ,1
96, DIANA ALEXANDER       , 1308 Arecibo Way                       ,30695,6171054059, Augusta-Richmond County    , United States                         , active ,1
330, SCOTT SHELLEY         , 587 Benguela Manor                     ,91590,1.65E+11, Aurora                     , United States, active ,1
537, CLINTON BUFORD        , 43 Vilnius Manor                       ,79814,4.85E+11, Aurora                     , United States                         , active ,2
212, WILMA RICHARDS        , 660 Jedda Boulevard                    ,25053,1.69E+11, Bellevue                   , United States                         , active ,2
149, VALERIE BLACK         , 782 Mosul Street                       ,25545,8.86E+11, Brockton                   , United States                         , active ,1
526, KARL SEAL             , 1427 Tabuk Place                       ,31342,2.15E+11, Cape Coral                 , United States                         , active ,2
14, BETTY WHITE           , 770 Bydgoszcz Avenue                   ,16266,5.17E+11, Citrus Heights             , United States                         , active ,2
140, EVA RAMOS             , 1666 Beni-Mellal Place                 ,13377,9099941466, Clarksville                , United States                         , active ,1
182, RENEE LANE            , 533 al-Ayn Boulevard                   ,8862,6.62E+11, Compton                    , United States                         , active ,1
400, BRYAN HARDISON        , 530 Lausanne Lane                      ,11067,7.75E+11, Dallas                     , United States                         , active ,2
294, SHELLY WATTS          , 32 Pudukkottai Lane                    ,38834,9.67E+11, Dayton                     , United States                         , active ,2
420, JACOB LANCE           , 1866 al-Qatif Avenue                   ,89420,5.47E+11, El Monte                   , United States                         , active ,1
51, ALICE STEWART         , 1135 Izumisano Parkway                 ,48150,1.72E+11, Fontana                    , United States                         , active ,1
593, RENE MCALISTER        , 1895 Zhezqazghan Drive                 ,36693,1.38E+11, Garden Grove               , United States                         , active ,2
561, IAN STILL             , 1894 Boa Vista Way                     ,77464,2.39E+11, Garland                    , United States                         , active ,2
118, KIM CRUZ              , 333 Goi?ónia Way                       ,78625,9.09E+11, Grand Prairie              , United States                         , active ,1
158, VERONICA STONE        , 369 Papeete Way                        ,666639,1.70E+11, Greensboro                 , United States                         , active ,1
504, NATHANIEL ADAM        , 786 Matsue Way                         ,37469,1.11E+11, Joliet                     , United States                         , active ,1
308, THOMAS GRIGSBY        , 1191 Sungai Petani Boulevard           ,9668,9.83E+11, Kansas City                , United States                         , active ,1
112, ROSA REYNOLDS         , 793 Cam Ranh Avenue                    ,87057,8.24E+11, Lancaster                  , United States                         , active ,2
6, JENNIFER DAVIS        , 1795 Santiago de Compostela Way        ,18743,8.60E+11, Laredo                     , United States, active ,2
63, ASHLEY RICHARDSON     , 1214 Hanoi Way                         ,67055,4.91E+11, Lincoln                    , United States                         , active ,1
382, VICTOR BARKLEY        , 401 Sucre Boulevard                    ,25007,4.86E+11, Manchester                 , United States                         , active ,2
181, ANA BRADLEY           , 682 Garden Grove Place                 ,67497,72136330362, Memphis                    , United States                         , active ,2
275, CAROLE BARNETT        , 1980 Kamjanets-Podilskyi Street        ,89502,8.74E+11, Peoria                     , United States, active ,2
291, TONI HOLT             , 1936 Cuman?í Avenue                    ,61195,9.77E+11, Roanoke                    , United States, active ,1
457, BILL GAVIN            , 1485 Bratislava Place                  ,83183,9.25E+11, Rockford                   , United States                         , active ,2
62, JOAN COOPER           , 1717 Guadalajara Lane                  ,85505,9.14E+11, Saint Louis                , United States                         , active ,1
269, CASSANDRA WALTERS     , 920 Kumbakonam Loop                    ,75090,6.85E+11, Salinas                    , United States                         , active ,1
2, PATRICIA JOHNSON      , 1121 Loja Avenue                       ,17886,8.39E+11, San Bernardino             , United States, active ,1
146, JAMIE RICE            , 879 Newcastle Way                      ,90732,2.07E+11, Sterling Heights           , United States                         , active ,1
214, KRISTIN JOHNSTON      , 226 Brest Manor                        ,2299,7.86E+11, Sunnyvale                  , United States                         , active ,1
248, CAROLINE BOWMAN       , 1309 Weifang Street                    ,57338,4.36E+11, Tallahassee                , United States                         , active ,1
276, BRANDY GRAVES         , 1944 Bamenda Way                       ,24645,75975221996, Warren                     , United States                         , active ,1
568, ALBERTO HENNING       , 502 Mandi Bahauddin Parkway            ,15992,6.18E+11, Barcelona                  , Venezuela, active ,2
111, CARMEN OWENS          , 1378 Alvorada Avenue                   ,75834,2.72E+11, Caracas                    , Venezuela, active ,1
113, CINDY FISHER          , 1079 Tel Aviv-Jaffa Boulevard          ,10885,3.58E+11, Cuman?í                    , Venezuela, active ,2
453, CALVIN MARTEL         , 138 Caracas Boulevard                  ,16790,9.74E+11, Maraca?¡bo                 , Venezuela, active ,1
174, YVONNE WATKINS        , 1848 Salala Boulevard                  ,25220,48265851133, Ocumare del Tuy            , Venezuela, active ,2
539, MATHEW BOLIN          , 163 Augusta-Richmond County Loop       ,33030,7.55E+11, Valencia                   , Venezuela, active ,1
290, KRISTINA CHAMBERS     , 544 Tarsus Boulevard                   ,53145,892523334, Valle de la Pascua         , Venezuela, active ,1
532, NEIL RENNER           , 1817 Livorno Way                       ,79401,4.78E+11, Cam Ranh                   , Vietnam, active ,2
199, BETH FRANKLIN         , 1149 A Coru??a (La Coru??a) Boulevard  ,95824,4.71E+11, Haiphong                   , Vietnam, active ,2
340, PATRICK NEWSOM        , 68 Ponce Parkway                       ,85926,8.71E+11, Hanoi                      , Vietnam, active ,1
472, GREG ROBINS           , 1786 Salinas Place                     ,66546,2.06E+11, Nam Dinh                   , Vietnam, active ,1
520, MITCHELL WESTMORELAND , 617 Klerksdorp Place                   ,94707,5.75E+11, Nha Trang                  , Vietnam, active ,2
523, HARVEY GUAJARDO       , 600 Purnea (Purnia) Avenue             ,18043,6.38E+11, Vinh                       , Vietnam, active ,1
406, NATHAN RUNYON         , 264 Bhimavaram Manor                   ,54749,3.03E+11, Charlotte Amalie           ," Virgin Islands, U.S.                  ",        ,1
210, ELLA OLIVER           , 751 Lima Loop                          ,99405,7.56E+11, Aden                       , Yemen, active ,2
470, GORDON ALLARD         , 434 Ourense (Orense) Manor             ,14122,5.62E+11, Hodeida                    , Yemen, active ,1
303, WILLIAM SATTERFIELD   , 687 Alessandria Parkway                ,57587,4.07E+11, Sanaa                      , Yemen, active ,2
213, GINA WILLIAMSON       , 1001 Miyakonojo Lane                   ,67924,5.84E+11, Taizz                      , Yemen, active ,1
7, MARIA MILLER          , 900 Santiago de Compostela Parkway     ,93896,7.17E+11, Kragujevac                 , Yugoslavia, active ,1
553, MAX PITT              , 1917 Kumbakonam Parkway                ,11892,6.98E+11, Novi Sad                   , Yugoslavia, active ,1
438, BARRY LOVELACE        , 1836 Korla Parkway                     ,55405,6.90E+11, Kitwe                      , Zambia, active ,1
